<?xml version="1.0"?>
<factories>
  <factory>
    <name>Factory 1</name>
    <startNum>378</startNum>
    <endNum>2117</endNum>
    <Children>1304,1514,2100,1089,1174,793,1386,1828,828,1154,1484,909,754</Children>
  </factory>
  <factory>
    <name>Factory 2</name>
    <startNum>886</startNum>
    <endNum>1287</endNum>
    <Children>1011,1252,936,933,960,1157,1160,982,1108,1154,1053,889</Children>
  </factory>
  <factory>
    <name>Factory 3</name>
    <startNum>679</startNum>
    <endNum>2799</endNum>
    <Children/>
  </factory>
</factories>
